[
    {
       "model":"admin.logentry",
       "pk":1,
       "fields":{
          "action_time":"2023-10-23T17:20:10.445Z",
          "user":1,
          "content_type":8,
          "object_id":"1",
          "object_repr":"Test Blog One | admin",
          "action_flag":1,
          "change_message":"[{\"added\": {}}]"
       }
    },
    {
       "model":"admin.logentry",
       "pk":2,
       "fields":{
          "action_time":"2023-10-26T06:00:15.498Z",
          "user":1,
          "content_type":8,
          "object_id":"2",
          "object_repr":"Crispy Pizzas | admin",
          "action_flag":1,
          "change_message":"[{\"added\": {}}]"
       }
    },
    {
       "model":"admin.logentry",
       "pk":3,
       "fields":{
          "action_time":"2023-10-26T06:11:33.723Z",
          "user":1,
          "content_type":8,
          "object_id":"3",
          "object_repr":"Garlic Butter Steak and Potatoes Skillet | admin",
          "action_flag":1,
          "change_message":"[{\"added\": {}}]"
       }
    },
    {
       "model":"admin.logentry",
       "pk":4,
       "fields":{
          "action_time":"2023-10-26T06:15:06.780Z",
          "user":1,
          "content_type":8,
          "object_id":"4",
          "object_repr":"Penne Cherry Tomato | admin",
          "action_flag":1,
          "change_message":"[{\"added\": {}}]"
       }
    },
    {
       "model":"admin.logentry",
       "pk":5,
       "fields":{
          "action_time":"2023-10-26T06:22:04.672Z",
          "user":1,
          "content_type":8,
          "object_id":"5",
          "object_repr":"Tasty Sandwich | admin",
          "action_flag":1,
          "change_message":"[{\"added\": {}}]"
       }
    },
    {
       "model":"admin.logentry",
       "pk":6,
       "fields":{
          "action_time":"2023-10-26T06:27:25.494Z",
          "user":1,
          "content_type":8,
          "object_id":"6",
          "object_repr":"Easy Couscous | admin",
          "action_flag":1,
          "change_message":"[{\"added\": {}}]"
       }
    },
    {
       "model":"admin.logentry",
       "pk":7,
       "fields":{
          "action_time":"2023-10-26T06:28:01.663Z",
          "user":1,
          "content_type":8,
          "object_id":"6",
          "object_repr":"Easy Couscous | admin",
          "action_flag":2,
          "change_message":"[{\"changed\": {\"fields\": [\"Status\"]}}]"
       }
    },
    {
       "model":"admin.logentry",
       "pk":8,
       "fields":{
          "action_time":"2023-10-26T09:08:22.658Z",
          "user":1,
          "content_type":8,
          "object_id":"6",
          "object_repr":"Easy Couscous | admin",
          "action_flag":2,
          "change_message":"[{\"changed\": {\"fields\": [\"Excerpt\"]}}]"
       }
    },
    {
       "model":"admin.logentry",
       "pk":9,
       "fields":{
          "action_time":"2023-10-26T09:09:02.149Z",
          "user":1,
          "content_type":8,
          "object_id":"5",
          "object_repr":"Tasty Sandwich | admin",
          "action_flag":2,
          "change_message":"[{\"changed\": {\"fields\": [\"Excerpt\"]}}]"
       }
    },
    {
       "model":"admin.logentry",
       "pk":10,
       "fields":{
          "action_time":"2023-10-26T09:09:43.116Z",
          "user":1,
          "content_type":8,
          "object_id":"4",
          "object_repr":"Penne Cherry Tomato | admin",
          "action_flag":2,
          "change_message":"[{\"changed\": {\"fields\": [\"Excerpt\"]}}]"
       }
    },
    {
       "model":"admin.logentry",
       "pk":11,
       "fields":{
          "action_time":"2023-10-26T09:11:07.997Z",
          "user":1,
          "content_type":8,
          "object_id":"3",
          "object_repr":"Garlic Butter Steak and Potatoes Skillet | admin",
          "action_flag":2,
          "change_message":"[{\"changed\": {\"fields\": [\"Excerpt\"]}}]"
       }
    },
    {
       "model":"admin.logentry",
       "pk":12,
       "fields":{
          "action_time":"2023-10-26T09:12:50.727Z",
          "user":1,
          "content_type":8,
          "object_id":"2",
          "object_repr":"Crispy Pizzas | admin",
          "action_flag":2,
          "change_message":"[{\"changed\": {\"fields\": [\"Excerpt\"]}}]"
       }
    },
    {
       "model":"admin.logentry",
       "pk":13,
       "fields":{
          "action_time":"2023-10-26T09:13:36.812Z",
          "user":1,
          "content_type":8,
          "object_id":"1",
          "object_repr":"Test Blog One | admin",
          "action_flag":2,
          "change_message":"[{\"changed\": {\"fields\": [\"Excerpt\"]}}]"
       }
    },
    {
       "model":"admin.logentry",
       "pk":14,
       "fields":{
          "action_time":"2023-10-30T12:03:27.513Z",
          "user":1,
          "content_type":8,
          "object_id":"15",
          "object_repr":"Post Test Form Admin | admin",
          "action_flag":1,
          "change_message":"[{\"added\": {}}]"
       }
    },
    {
       "model":"admin.logentry",
       "pk":15,
       "fields":{
          "action_time":"2023-10-30T16:18:28.233Z",
          "user":1,
          "content_type":8,
          "object_id":"20",
          "object_repr":"Test | TestUser123",
          "action_flag":2,
          "change_message":"[{\"changed\": {\"fields\": [\"Status\"]}}]"
       }
    },
    {
       "model":"admin.logentry",
       "pk":16,
       "fields":{
          "action_time":"2023-10-30T16:51:56.862Z",
          "user":1,
          "content_type":8,
          "object_id":"20",
          "object_repr":"Test | admin",
          "action_flag":2,
          "change_message":"[{\"changed\": {\"fields\": [\"Author\", \"Status\"]}}]"
       }
    },
    {
       "model":"admin.logentry",
       "pk":17,
       "fields":{
          "action_time":"2023-10-30T17:19:18.718Z",
          "user":1,
          "content_type":8,
          "object_id":"18",
          "object_repr":"Test Form Post | Anna",
          "action_flag":3,
          "change_message":""
       }
    },
    {
       "model":"admin.logentry",
       "pk":18,
       "fields":{
          "action_time":"2023-10-30T17:19:18.747Z",
          "user":1,
          "content_type":8,
          "object_id":"17",
          "object_repr":"test post two | Anna",
          "action_flag":3,
          "change_message":""
       }
    },
    {
       "model":"admin.logentry",
       "pk":19,
       "fields":{
          "action_time":"2023-10-30T17:19:18.772Z",
          "user":1,
          "content_type":8,
          "object_id":"16",
          "object_repr":"Test Post form | Anna",
          "action_flag":3,
          "change_message":""
       }
    },
    {
       "model":"admin.logentry",
       "pk":20,
       "fields":{
          "action_time":"2023-10-30T17:36:31.418Z",
          "user":1,
          "content_type":8,
          "object_id":"22",
          "object_repr":"test post form one pizza | admin",
          "action_flag":3,
          "change_message":""
       }
    },
    {
       "model":"admin.logentry",
       "pk":21,
       "fields":{
          "action_time":"2023-10-30T17:36:51.297Z",
          "user":1,
          "content_type":8,
          "object_id":"15",
          "object_repr":"Post Test Form Admin | admin",
          "action_flag":3,
          "change_message":""
       }
    },
    {
       "model":"admin.logentry",
       "pk":22,
       "fields":{
          "action_time":"2023-10-30T18:54:31.337Z",
          "user":1,
          "content_type":8,
          "object_id":"23",
          "object_repr":"testing form post one | admin",
          "action_flag":2,
          "change_message":"[{\"changed\": {\"fields\": [\"Status\"]}}]"
       }
    },
    {
       "model":"admin.logentry",
       "pk":23,
       "fields":{
          "action_time":"2023-11-06T11:21:30.375Z",
          "user":1,
          "content_type":8,
          "object_id":"25",
          "object_repr":"another testing | Anna",
          "action_flag":3,
          "change_message":""
       }
    },
    {
       "model":"admin.logentry",
       "pk":24,
       "fields":{
          "action_time":"2023-11-06T11:21:30.400Z",
          "user":1,
          "content_type":8,
          "object_id":"23",
          "object_repr":"testing form post one | admin",
          "action_flag":3,
          "change_message":""
       }
    },
    {
       "model":"admin.logentry",
       "pk":25,
       "fields":{
          "action_time":"2023-11-06T11:21:30.423Z",
          "user":1,
          "content_type":8,
          "object_id":"20",
          "object_repr":"Test | admin",
          "action_flag":3,
          "change_message":""
       }
    },
    {
       "model":"admin.logentry",
       "pk":26,
       "fields":{
          "action_time":"2023-11-06T11:21:30.446Z",
          "user":1,
          "content_type":8,
          "object_id":"19",
          "object_repr":"test post form one | Anna",
          "action_flag":3,
          "change_message":""
       }
    },
    {
       "model":"admin.logentry",
       "pk":27,
       "fields":{
          "action_time":"2023-11-06T16:44:39.830Z",
          "user":1,
          "content_type":8,
          "object_id":"27",
          "object_repr":"testing post | Anna",
          "action_flag":2,
          "change_message":"[{\"changed\": {\"fields\": [\"Is draft\"]}}]"
       }
    },
    {
       "model":"admin.logentry",
       "pk":28,
       "fields":{
          "action_time":"2023-11-06T16:55:41.659Z",
          "user":1,
          "content_type":8,
          "object_id":"34",
          "object_repr":"yet another test post | admin",
          "action_flag":3,
          "change_message":""
       }
    },
    {
       "model":"admin.logentry",
       "pk":29,
       "fields":{
          "action_time":"2023-11-06T16:55:41.682Z",
          "user":1,
          "content_type":8,
          "object_id":"33",
          "object_repr":"draft post | admin",
          "action_flag":3,
          "change_message":""
       }
    },
    {
       "model":"admin.logentry",
       "pk":30,
       "fields":{
          "action_time":"2023-11-06T16:55:41.708Z",
          "user":1,
          "content_type":8,
          "object_id":"32",
          "object_repr":"test-test-test-test | admin",
          "action_flag":3,
          "change_message":""
       }
    },
    {
       "model":"admin.logentry",
       "pk":31,
       "fields":{
          "action_time":"2023-11-06T16:55:41.730Z",
          "user":1,
          "content_type":8,
          "object_id":"31",
          "object_repr":"another test post | admin",
          "action_flag":3,
          "change_message":""
       }
    },
    {
       "model":"admin.logentry",
       "pk":32,
       "fields":{
          "action_time":"2023-11-06T16:55:41.752Z",
          "user":1,
          "content_type":8,
          "object_id":"30",
          "object_repr":"this is a test post | admin",
          "action_flag":3,
          "change_message":""
       }
    },
    {
       "model":"admin.logentry",
       "pk":33,
       "fields":{
          "action_time":"2023-11-13T09:43:59.290Z",
          "user":1,
          "content_type":4,
          "object_id":"5",
          "object_repr":"Yash",
          "action_flag":1,
          "change_message":"[{\"added\": {}}]"
       }
    },
    {
       "model":"admin.logentry",
       "pk":34,
       "fields":{
          "action_time":"2023-11-13T09:44:41.501Z",
          "user":1,
          "content_type":4,
          "object_id":"5",
          "object_repr":"Yash",
          "action_flag":2,
          "change_message":"[]"
       }
    },
    {
       "model":"admin.logentry",
       "pk":35,
       "fields":{
          "action_time":"2023-11-13T09:52:13.230Z",
          "user":1,
          "content_type":17,
          "object_id":"1",
          "object_repr":"Anna",
          "action_flag":1,
          "change_message":"[{\"added\": {}}]"
       }
    },
    {
       "model":"admin.logentry",
       "pk":36,
       "fields":{
          "action_time":"2023-11-13T09:52:39.301Z",
          "user":1,
          "content_type":17,
          "object_id":"2",
          "object_repr":"admin",
          "action_flag":1,
          "change_message":"[{\"added\": {}}]"
       }
    },
    {
       "model":"admin.logentry",
       "pk":37,
       "fields":{
          "action_time":"2023-11-13T09:52:49.692Z",
          "user":1,
          "content_type":17,
          "object_id":"2",
          "object_repr":"admin",
          "action_flag":2,
          "change_message":"[{\"changed\": {\"fields\": [\"Bio\"]}}]"
       }
    },
    {
       "model":"admin.logentry",
       "pk":38,
       "fields":{
          "action_time":"2023-11-13T10:03:13.219Z",
          "user":1,
          "content_type":17,
          "object_id":"3",
          "object_repr":"lola",
          "action_flag":1,
          "change_message":"[{\"added\": {}}]"
       }
    },
    {
       "model":"admin.logentry",
       "pk":39,
       "fields":{
          "action_time":"2023-11-13T10:03:40.310Z",
          "user":1,
          "content_type":17,
          "object_id":"4",
          "object_repr":"Yash",
          "action_flag":1,
          "change_message":"[{\"added\": {}}]"
       }
    },
    {
       "model":"admin.logentry",
       "pk":40,
       "fields":{
          "action_time":"2023-11-13T18:10:43.538Z",
          "user":1,
          "content_type":17,
          "object_id":"2",
          "object_repr":"admin",
          "action_flag":2,
          "change_message":"[{\"changed\": {\"fields\": [\"Profile image\"]}}]"
       }
    },
    {
       "model":"admin.logentry",
       "pk":41,
       "fields":{
          "action_time":"2023-11-14T16:35:40.764Z",
          "user":1,
          "content_type":17,
          "object_id":"1",
          "object_repr":"Anna",
          "action_flag":2,
          "change_message":"[{\"changed\": {\"fields\": [\"Profile image\"]}}]"
       }
    },
    {
       "model":"admin.logentry",
       "pk":42,
       "fields":{
          "action_time":"2023-11-14T16:49:52.696Z",
          "user":1,
          "content_type":17,
          "object_id":"1",
          "object_repr":"Anna",
          "action_flag":2,
          "change_message":"[{\"changed\": {\"fields\": [\"Profile image\"]}}]"
       }
    },
    {
       "model":"admin.logentry",
       "pk":43,
       "fields":{
          "action_time":"2023-11-14T19:55:21.242Z",
          "user":1,
          "content_type":8,
          "object_id":"3",
          "object_repr":"Garlic Butter Steak and Potatoes Skillet | admin",
          "action_flag":3,
          "change_message":""
       }
    },
    {
       "model":"admin.logentry",
       "pk":44,
       "fields":{
          "action_time":"2023-11-14T19:56:12.841Z",
          "user":1,
          "content_type":8,
          "object_id":"49",
          "object_repr":"Bold Text | admin",
          "action_flag":3,
          "change_message":""
       }
    },
    {
       "model":"admin.logentry",
       "pk":45,
       "fields":{
          "action_time":"2023-11-14T20:34:40.193Z",
          "user":1,
          "content_type":8,
          "object_id":"53",
          "object_repr":"Post Media to Edit | admin",
          "action_flag":3,
          "change_message":""
       }
    },
    {
       "model":"admin.logentry",
       "pk":46,
       "fields":{
          "action_time":"2023-11-14T20:34:40.217Z",
          "user":1,
          "content_type":8,
          "object_id":"52",
          "object_repr":"This is a Post Image Updated | admin",
          "action_flag":3,
          "change_message":""
       }
    },
    {
       "model":"admin.logentry",
       "pk":47,
       "fields":{
          "action_time":"2023-11-14T20:34:40.239Z",
          "user":1,
          "content_type":8,
          "object_id":"50",
          "object_repr":"This is a Post Image | admin",
          "action_flag":3,
          "change_message":""
       }
    },
    {
       "model":"admin.logentry",
       "pk":48,
       "fields":{
          "action_time":"2023-11-14T20:34:40.262Z",
          "user":1,
          "content_type":8,
          "object_id":"48",
          "object_repr":"post testing authenticated | admin",
          "action_flag":3,
          "change_message":""
       }
    },
    {
       "model":"admin.logentry",
       "pk":49,
       "fields":{
          "action_time":"2023-11-14T20:34:40.284Z",
          "user":1,
          "content_type":8,
          "object_id":"44",
          "object_repr":"messages post test | admin",
          "action_flag":3,
          "change_message":""
       }
    },
    {
       "model":"admin.logentry",
       "pk":50,
       "fields":{
          "action_time":"2023-11-14T20:34:40.307Z",
          "user":1,
          "content_type":8,
          "object_id":"42",
          "object_repr":"test message alert | admin",
          "action_flag":3,
          "change_message":""
       }
    },
    {
       "model":"admin.logentry",
       "pk":51,
       "fields":{
          "action_time":"2023-11-14T20:34:40.329Z",
          "user":1,
          "content_type":8,
          "object_id":"39",
          "object_repr":"yet another post | admin",
          "action_flag":3,
          "change_message":""
       }
    },
    {
       "model":"admin.logentry",
       "pk":52,
       "fields":{
          "action_time":"2023-11-14T20:34:40.351Z",
          "user":1,
          "content_type":8,
          "object_id":"35",
          "object_repr":"yet another test | admin",
          "action_flag":3,
          "change_message":""
       }
    },
    {
       "model":"admin.logentry",
       "pk":53,
       "fields":{
          "action_time":"2023-11-14T20:34:40.374Z",
          "user":1,
          "content_type":8,
          "object_id":"29",
          "object_repr":"giuh | admin",
          "action_flag":3,
          "change_message":""
       }
    },
    {
       "model":"admin.logentry",
       "pk":54,
       "fields":{
          "action_time":"2023-11-14T20:34:40.396Z",
          "user":1,
          "content_type":8,
          "object_id":"2",
          "object_repr":"Crispy Pizzas | admin",
          "action_flag":3,
          "change_message":""
       }
    },
    {
       "model":"admin.logentry",
       "pk":55,
       "fields":{
          "action_time":"2023-11-14T20:34:40.419Z",
          "user":1,
          "content_type":8,
          "object_id":"1",
          "object_repr":"Test Blog One | admin",
          "action_flag":3,
          "change_message":""
       }
    },
    {
       "model":"admin.logentry",
       "pk":56,
       "fields":{
          "action_time":"2023-11-14T20:35:41.674Z",
          "user":1,
          "content_type":8,
          "object_id":"56",
          "object_repr":"Post Medias | admin",
          "action_flag":3,
          "change_message":""
       }
    },
    {
       "model":"admin.logentry",
       "pk":57,
       "fields":{
          "action_time":"2023-11-14T20:35:41.699Z",
          "user":1,
          "content_type":8,
          "object_id":"6",
          "object_repr":"Easy Couscous | admin",
          "action_flag":3,
          "change_message":""
       }
    },
    {
       "model":"admin.logentry",
       "pk":58,
       "fields":{
          "action_time":"2023-11-14T20:35:41.722Z",
          "user":1,
          "content_type":8,
          "object_id":"5",
          "object_repr":"Tasty Sandwich | admin",
          "action_flag":3,
          "change_message":""
       }
    },
    {
       "model":"admin.logentry",
       "pk":59,
       "fields":{
          "action_time":"2023-11-14T20:35:41.746Z",
          "user":1,
          "content_type":8,
          "object_id":"4",
          "object_repr":"Penne Cherry Tomato | admin",
          "action_flag":3,
          "change_message":""
       }
    },
    {
       "model":"admin.logentry",
       "pk":60,
       "fields":{
          "action_time":"2023-11-14T20:53:07.526Z",
          "user":1,
          "content_type":8,
          "object_id":"59",
          "object_repr":"Skinny Shrimp Alfredo Pasta | admin",
          "action_flag":2,
          "change_message":"[{\"changed\": {\"fields\": [\"Ingredients\", \"Instructions\"]}}]"
       }
    },
    {
       "model":"admin.logentry",
       "pk":61,
       "fields":{
          "action_time":"2023-11-14T21:02:30.340Z",
          "user":1,
          "content_type":8,
          "object_id":"61",
          "object_repr":"Brown Sugar Chicken Wings Pepper Cream Sauce | admin",
          "action_flag":3,
          "change_message":""
       }
    },
    {
       "model":"admin.logentry",
       "pk":62,
       "fields":{
          "action_time":"2023-11-14T21:02:42.973Z",
          "user":1,
          "content_type":8,
          "object_id":"60",
          "object_repr":"Brown Sugar Chicken Wings Red Pepper Cream Sauce | admin",
          "action_flag":2,
          "change_message":"[{\"changed\": {\"fields\": [\"Image\"]}}]"
       }
    },
    {
       "model":"admin.logentry",
       "pk":63,
       "fields":{
          "action_time":"2023-11-14T21:02:55.413Z",
          "user":1,
          "content_type":8,
          "object_id":"59",
          "object_repr":"Skinny Shrimp Alfredo Pasta | admin",
          "action_flag":2,
          "change_message":"[{\"changed\": {\"fields\": [\"Image\"]}}]"
       }
    },
    {
       "model":"admin.logentry",
       "pk":64,
       "fields":{
          "action_time":"2023-11-14T21:39:22.309Z",
          "user":1,
          "content_type":8,
          "object_id":"63",
          "object_repr":"Quick Ramen Noodle | lola",
          "action_flag":2,
          "change_message":"[{\"changed\": {\"fields\": [\"Image\"]}}]"
       }
    },
    {
       "model":"admin.logentry",
       "pk":65,
       "fields":{
          "action_time":"2023-11-14T21:40:40.455Z",
          "user":1,
          "content_type":8,
          "object_id":"63",
          "object_repr":"Quick Ramen Noodle | lola",
          "action_flag":2,
          "change_message":"[{\"changed\": {\"fields\": [\"Ingredients\"]}}]"
       }
    },
    {
       "model":"admin.logentry",
       "pk":66,
       "fields":{
          "action_time":"2023-11-14T21:43:23.012Z",
          "user":1,
          "content_type":8,
          "object_id":"59",
          "object_repr":"Skinny Shrimp Alfredo Pasta | admin",
          "action_flag":2,
          "change_message":"[{\"changed\": {\"fields\": [\"Instructions\"]}}]"
       }
    },
    {
       "model":"admin.logentry",
       "pk":67,
       "fields":{
          "action_time":"2023-11-14T21:44:33.042Z",
          "user":1,
          "content_type":8,
          "object_id":"59",
          "object_repr":"Skinny Shrimp Alfredo Pasta | admin",
          "action_flag":2,
          "change_message":"[{\"changed\": {\"fields\": [\"Instructions\"]}}]"
       }
    },
    {
       "model":"admin.logentry",
       "pk":68,
       "fields":{
          "action_time":"2023-11-16T11:39:48.619Z",
          "user":1,
          "content_type":8,
          "object_id":"65",
          "object_repr":"test tags | admin",
          "action_flag":2,
          "change_message":"[]"
       }
    },
    {
       "model":"admin.logentry",
       "pk":69,
       "fields":{
          "action_time":"2023-11-16T12:36:44.293Z",
          "user":1,
          "content_type":8,
          "object_id":"59",
          "object_repr":"Skinny Shrimp Alfredo Pasta | admin",
          "action_flag":2,
          "change_message":"[{\"changed\": {\"fields\": [\"Tags\"]}}]"
       }
    },
    {
       "model":"admin.logentry",
       "pk":70,
       "fields":{
          "action_time":"2023-11-16T12:37:00.712Z",
          "user":1,
          "content_type":8,
          "object_id":"62",
          "object_repr":"Salmon Garlic Cream Sauce | admin",
          "action_flag":2,
          "change_message":"[{\"changed\": {\"fields\": [\"Tags\"]}}]"
       }
    },
    {
       "model":"admin.logentry",
       "pk":71,
       "fields":{
          "action_time":"2023-11-16T12:37:14.067Z",
          "user":1,
          "content_type":8,
          "object_id":"63",
          "object_repr":"Quick Ramen Noodle | lola",
          "action_flag":2,
          "change_message":"[{\"changed\": {\"fields\": [\"Tags\"]}}]"
       }
    },
    {
       "model":"admin.logentry",
       "pk":72,
       "fields":{
          "action_time":"2023-11-16T12:37:42.289Z",
          "user":1,
          "content_type":8,
          "object_id":"60",
          "object_repr":"Brown Sugar Chicken Wings Red Pepper Cream Sauce | admin",
          "action_flag":2,
          "change_message":"[{\"changed\": {\"fields\": [\"Tags\"]}}]"
       }
    },
    {
       "model":"admin.logentry",
       "pk":73,
       "fields":{
          "action_time":"2023-11-16T13:38:07.025Z",
          "user":1,
          "content_type":8,
          "object_id":"66",
          "object_repr":"Sheet Pan Schrimp Tacos | Anna",
          "action_flag":2,
          "change_message":"[{\"changed\": {\"fields\": [\"Image\", \"Ingredients\"]}}]"
       }
    },
    {
       "model":"admin.logentry",
       "pk":74,
       "fields":{
          "action_time":"2023-11-20T15:39:24.039Z",
          "user":1,
          "content_type":8,
          "object_id":"87",
          "object_repr":"test123 | admin",
          "action_flag":1,
          "change_message":"[{\"added\": {}}]"
       }
    },
    {
       "model":"admin.logentry",
       "pk":75,
       "fields":{
          "action_time":"2023-11-20T19:22:02.938Z",
          "user":1,
          "content_type":8,
          "object_id":"85",
          "object_repr":"post | John",
          "action_flag":3,
          "change_message":""
       }
    },
    {
       "model":"admin.logentry",
       "pk":76,
       "fields":{
          "action_time":"2023-11-20T19:22:02.967Z",
          "user":1,
          "content_type":8,
          "object_id":"84",
          "object_repr":"testing | John",
          "action_flag":3,
          "change_message":""
       }
    },
    {
       "model":"admin.logentry",
       "pk":77,
       "fields":{
          "action_time":"2023-11-20T19:22:02.990Z",
          "user":1,
          "content_type":8,
          "object_id":"80",
          "object_repr":"Test | John",
          "action_flag":3,
          "change_message":""
       }
    },
    {
       "model":"admin.logentry",
       "pk":78,
       "fields":{
          "action_time":"2023-11-21T19:59:23.111Z",
          "user":1,
          "content_type":8,
          "object_id":"86",
          "object_repr":"testing this | John",
          "action_flag":3,
          "change_message":""
       }
    },
    {
       "model":"admin.logentry",
       "pk":79,
       "fields":{
          "action_time":"2023-11-21T20:02:26.343Z",
          "user":1,
          "content_type":8,
          "object_id":"95",
          "object_repr":"Test clean tag | admin",
          "action_flag":3,
          "change_message":""
       }
    },
    {
       "model":"admin.logentry",
       "pk":80,
       "fields":{
          "action_time":"2023-11-21T20:23:22.383Z",
          "user":1,
          "content_type":8,
          "object_id":"70",
          "object_repr":"Testing draft | John",
          "action_flag":3,
          "change_message":""
       }
    },
    {
       "model":"admin.logentry",
       "pk":81,
       "fields":{
          "action_time":"2023-11-23T16:49:41.209Z",
          "user":1,
          "content_type":8,
          "object_id":"96",
          "object_repr":"test | admin",
          "action_flag":2,
          "change_message":"[]"
       }
    },
    {
       "model":"admin.logentry",
       "pk":82,
       "fields":{
          "action_time":"2023-11-27T13:49:56.244Z",
          "user":1,
          "content_type":8,
          "object_id":"105",
          "object_repr":"Tessst | admin",
          "action_flag":3,
          "change_message":""
       }
    },
    {
       "model":"admin.logentry",
       "pk":83,
       "fields":{
          "action_time":"2023-11-27T13:49:56.274Z",
          "user":1,
          "content_type":8,
          "object_id":"104",
          "object_repr":"Test draft add post page | admin",
          "action_flag":3,
          "change_message":""
       }
    },
    {
       "model":"admin.logentry",
       "pk":84,
       "fields":{
          "action_time":"2023-11-27T13:50:35.072Z",
          "user":1,
          "content_type":8,
          "object_id":"110",
          "object_repr":"Easy Ramen with Pork and Eggs | admin",
          "action_flag":2,
          "change_message":"[{\"changed\": {\"fields\": [\"Title\"]}}]"
       }
    },
    {
       "model":"admin.logentry",
       "pk":85,
       "fields":{
          "action_time":"2023-11-27T15:05:43.954Z",
          "user":1,
          "content_type":8,
          "object_id":"110",
          "object_repr":"Easy Ramen with Pork and Eggs | admin",
          "action_flag":2,
          "change_message":"[{\"changed\": {\"fields\": [\"Excerpt\"]}}]"
       }
    },
    {
       "model":"admin.logentry",
       "pk":86,
       "fields":{
          "action_time":"2023-11-27T15:06:28.805Z",
          "user":1,
          "content_type":8,
          "object_id":"110",
          "object_repr":"Easy Ramen with Pork and Eggs | admin",
          "action_flag":2,
          "change_message":"[{\"changed\": {\"fields\": [\"Excerpt\"]}}]"
       }
    },
    {
       "model":"admin.logentry",
       "pk":87,
       "fields":{
          "action_time":"2023-11-27T17:11:14.306Z",
          "user":1,
          "content_type":8,
          "object_id":"101",
          "object_repr":"wanna sleep | admin",
          "action_flag":2,
          "change_message":"[]"
       }
    },
    {
       "model":"admin.logentry",
       "pk":88,
       "fields":{
          "action_time":"2023-11-27T17:24:51.056Z",
          "user":1,
          "content_type":8,
          "object_id":"110",
          "object_repr":"Easy Ramen with Pork and Eggs | admin",
          "action_flag":2,
          "change_message":"[{\"changed\": {\"fields\": [\"Image\"]}}]"
       }
    },
    {
       "model":"admin.logentry",
       "pk":89,
       "fields":{
          "action_time":"2023-11-27T17:45:01.338Z",
          "user":1,
          "content_type":8,
          "object_id":"57",
          "object_repr":"Test Post Users | Anna",
          "action_flag":2,
          "change_message":"[{\"changed\": {\"fields\": [\"Tags\", \"Approved\"]}}]"
       }
    },
    {
       "model":"admin.logentry",
       "pk":90,
       "fields":{
          "action_time":"2023-11-27T17:45:09.231Z",
          "user":1,
          "content_type":8,
          "object_id":"57",
          "object_repr":"Test Post Users | Anna",
          "action_flag":2,
          "change_message":"[{\"changed\": {\"fields\": [\"Approved\"]}}]"
       }
    },
    {
       "model":"admin.logentry",
       "pk":91,
       "fields":{
          "action_time":"2023-11-28T08:28:02.029Z",
          "user":1,
          "content_type":8,
          "object_id":"113",
          "object_repr":"publish old post tomorrowss | admin",
          "action_flag":2,
          "change_message":"[{\"changed\": {\"fields\": [\"Approved\"]}}]"
       }
    },
    {
       "model":"auth.permission",
       "pk":1,
       "fields":{
          "name":"Can add log entry",
          "content_type":1,
          "codename":"add_logentry"
       }
    },
    {
       "model":"auth.permission",
       "pk":2,
       "fields":{
          "name":"Can change log entry",
          "content_type":1,
          "codename":"change_logentry"
       }
    },
    {
       "model":"auth.permission",
       "pk":3,
       "fields":{
          "name":"Can delete log entry",
          "content_type":1,
          "codename":"delete_logentry"
       }
    },
    {
       "model":"auth.permission",
       "pk":4,
       "fields":{
          "name":"Can view log entry",
          "content_type":1,
          "codename":"view_logentry"
       }
    },
    {
       "model":"auth.permission",
       "pk":5,
       "fields":{
          "name":"Can add permission",
          "content_type":2,
          "codename":"add_permission"
       }
    },
    {
       "model":"auth.permission",
       "pk":6,
       "fields":{
          "name":"Can change permission",
          "content_type":2,
          "codename":"change_permission"
       }
    },
    {
       "model":"auth.permission",
       "pk":7,
       "fields":{
          "name":"Can delete permission",
          "content_type":2,
          "codename":"delete_permission"
       }
    },
    {
       "model":"auth.permission",
       "pk":8,
       "fields":{
          "name":"Can view permission",
          "content_type":2,
          "codename":"view_permission"
       }
    },
    {
       "model":"auth.permission",
       "pk":9,
       "fields":{
          "name":"Can add group",
          "content_type":3,
          "codename":"add_group"
       }
    },
    {
       "model":"auth.permission",
       "pk":10,
       "fields":{
          "name":"Can change group",
          "content_type":3,
          "codename":"change_group"
       }
    },
    {
       "model":"auth.permission",
       "pk":11,
       "fields":{
          "name":"Can delete group",
          "content_type":3,
          "codename":"delete_group"
       }
    },
    {
       "model":"auth.permission",
       "pk":12,
       "fields":{
          "name":"Can view group",
          "content_type":3,
          "codename":"view_group"
       }
    },
    {
       "model":"auth.permission",
       "pk":13,
       "fields":{
          "name":"Can add user",
          "content_type":4,
          "codename":"add_user"
       }
    },
    {
       "model":"auth.permission",
       "pk":14,
       "fields":{
          "name":"Can change user",
          "content_type":4,
          "codename":"change_user"
       }
    },
    {
       "model":"auth.permission",
       "pk":15,
       "fields":{
          "name":"Can delete user",
          "content_type":4,
          "codename":"delete_user"
       }
    },
    {
       "model":"auth.permission",
       "pk":16,
       "fields":{
          "name":"Can view user",
          "content_type":4,
          "codename":"view_user"
       }
    },
    {
       "model":"auth.permission",
       "pk":17,
       "fields":{
          "name":"Can add content type",
          "content_type":5,
          "codename":"add_contenttype"
       }
    },
    {
       "model":"auth.permission",
       "pk":18,
       "fields":{
          "name":"Can change content type",
          "content_type":5,
          "codename":"change_contenttype"
       }
    },
    {
       "model":"auth.permission",
       "pk":19,
       "fields":{
          "name":"Can delete content type",
          "content_type":5,
          "codename":"delete_contenttype"
       }
    },
    {
       "model":"auth.permission",
       "pk":20,
       "fields":{
          "name":"Can view content type",
          "content_type":5,
          "codename":"view_contenttype"
       }
    },
    {
       "model":"auth.permission",
       "pk":21,
       "fields":{
          "name":"Can add session",
          "content_type":6,
          "codename":"add_session"
       }
    },
    {
       "model":"auth.permission",
       "pk":22,
       "fields":{
          "name":"Can change session",
          "content_type":6,
          "codename":"change_session"
       }
    },
    {
       "model":"auth.permission",
       "pk":23,
       "fields":{
          "name":"Can delete session",
          "content_type":6,
          "codename":"delete_session"
       }
    },
    {
       "model":"auth.permission",
       "pk":24,
       "fields":{
          "name":"Can view session",
          "content_type":6,
          "codename":"view_session"
       }
    },
    {
       "model":"auth.permission",
       "pk":25,
       "fields":{
          "name":"Can add category",
          "content_type":7,
          "codename":"add_category"
       }
    },
    {
       "model":"auth.permission",
       "pk":26,
       "fields":{
          "name":"Can change category",
          "content_type":7,
          "codename":"change_category"
       }
    },
    {
       "model":"auth.permission",
       "pk":27,
       "fields":{
          "name":"Can delete category",
          "content_type":7,
          "codename":"delete_category"
       }
    },
    {
       "model":"auth.permission",
       "pk":28,
       "fields":{
          "name":"Can view category",
          "content_type":7,
          "codename":"view_category"
       }
    },
    {
       "model":"auth.permission",
       "pk":29,
       "fields":{
          "name":"Can add post",
          "content_type":8,
          "codename":"add_post"
       }
    },
    {
       "model":"auth.permission",
       "pk":30,
       "fields":{
          "name":"Can change post",
          "content_type":8,
          "codename":"change_post"
       }
    },
    {
       "model":"auth.permission",
       "pk":31,
       "fields":{
          "name":"Can delete post",
          "content_type":8,
          "codename":"delete_post"
       }
    },
    {
       "model":"auth.permission",
       "pk":32,
       "fields":{
          "name":"Can view post",
          "content_type":8,
          "codename":"view_post"
       }
    },
    {
       "model":"auth.permission",
       "pk":33,
       "fields":{
          "name":"Can add comment",
          "content_type":9,
          "codename":"add_comment"
       }
    },
    {
       "model":"auth.permission",
       "pk":34,
       "fields":{
          "name":"Can change comment",
          "content_type":9,
          "codename":"change_comment"
       }
    },
    {
       "model":"auth.permission",
       "pk":35,
       "fields":{
          "name":"Can delete comment",
          "content_type":9,
          "codename":"delete_comment"
       }
    },
    {
       "model":"auth.permission",
       "pk":36,
       "fields":{
          "name":"Can view comment",
          "content_type":9,
          "codename":"view_comment"
       }
    },
    {
       "model":"auth.permission",
       "pk":37,
       "fields":{
          "name":"Can add attachment",
          "content_type":10,
          "codename":"add_attachment"
       }
    },
    {
       "model":"auth.permission",
       "pk":38,
       "fields":{
          "name":"Can change attachment",
          "content_type":10,
          "codename":"change_attachment"
       }
    },
    {
       "model":"auth.permission",
       "pk":39,
       "fields":{
          "name":"Can delete attachment",
          "content_type":10,
          "codename":"delete_attachment"
       }
    },
    {
       "model":"auth.permission",
       "pk":40,
       "fields":{
          "name":"Can view attachment",
          "content_type":10,
          "codename":"view_attachment"
       }
    },
    {
       "model":"auth.permission",
       "pk":41,
       "fields":{
          "name":"Can add site",
          "content_type":11,
          "codename":"add_site"
       }
    },
    {
       "model":"auth.permission",
       "pk":42,
       "fields":{
          "name":"Can change site",
          "content_type":11,
          "codename":"change_site"
       }
    },
    {
       "model":"auth.permission",
       "pk":43,
       "fields":{
          "name":"Can delete site",
          "content_type":11,
          "codename":"delete_site"
       }
    },
    {
       "model":"auth.permission",
       "pk":44,
       "fields":{
          "name":"Can view site",
          "content_type":11,
          "codename":"view_site"
       }
    },
    {
       "model":"auth.permission",
       "pk":45,
       "fields":{
          "name":"Can add email address",
          "content_type":12,
          "codename":"add_emailaddress"
       }
    },
    {
       "model":"auth.permission",
       "pk":46,
       "fields":{
          "name":"Can change email address",
          "content_type":12,
          "codename":"change_emailaddress"
       }
    },
    {
       "model":"auth.permission",
       "pk":47,
       "fields":{
          "name":"Can delete email address",
          "content_type":12,
          "codename":"delete_emailaddress"
       }
    },
    {
       "model":"auth.permission",
       "pk":48,
       "fields":{
          "name":"Can view email address",
          "content_type":12,
          "codename":"view_emailaddress"
       }
    },
    {
       "model":"auth.permission",
       "pk":49,
       "fields":{
          "name":"Can add email confirmation",
          "content_type":13,
          "codename":"add_emailconfirmation"
       }
    },
    {
       "model":"auth.permission",
       "pk":50,
       "fields":{
          "name":"Can change email confirmation",
          "content_type":13,
          "codename":"change_emailconfirmation"
       }
    },
    {
       "model":"auth.permission",
       "pk":51,
       "fields":{
          "name":"Can delete email confirmation",
          "content_type":13,
          "codename":"delete_emailconfirmation"
       }
    },
    {
       "model":"auth.permission",
       "pk":52,
       "fields":{
          "name":"Can view email confirmation",
          "content_type":13,
          "codename":"view_emailconfirmation"
       }
    },
    {
       "model":"auth.permission",
       "pk":53,
       "fields":{
          "name":"Can add social account",
          "content_type":14,
          "codename":"add_socialaccount"
       }
    },
    {
       "model":"auth.permission",
       "pk":54,
       "fields":{
          "name":"Can change social account",
          "content_type":14,
          "codename":"change_socialaccount"
       }
    },
    {
       "model":"auth.permission",
       "pk":55,
       "fields":{
          "name":"Can delete social account",
          "content_type":14,
          "codename":"delete_socialaccount"
       }
    },
    {
       "model":"auth.permission",
       "pk":56,
       "fields":{
          "name":"Can view social account",
          "content_type":14,
          "codename":"view_socialaccount"
       }
    },
    {
       "model":"auth.permission",
       "pk":57,
       "fields":{
          "name":"Can add social application",
          "content_type":15,
          "codename":"add_socialapp"
       }
    },
    {
       "model":"auth.permission",
       "pk":58,
       "fields":{
          "name":"Can change social application",
          "content_type":15,
          "codename":"change_socialapp"
       }
    },
    {
       "model":"auth.permission",
       "pk":59,
       "fields":{
          "name":"Can delete social application",
          "content_type":15,
          "codename":"delete_socialapp"
       }
    },
    {
       "model":"auth.permission",
       "pk":60,
       "fields":{
          "name":"Can view social application",
          "content_type":15,
          "codename":"view_socialapp"
       }
    },
    {
       "model":"auth.permission",
       "pk":61,
       "fields":{
          "name":"Can add social application token",
          "content_type":16,
          "codename":"add_socialtoken"
       }
    },
    {
       "model":"auth.permission",
       "pk":62,
       "fields":{
          "name":"Can change social application token",
          "content_type":16,
          "codename":"change_socialtoken"
       }
    },
    {
       "model":"auth.permission",
       "pk":63,
       "fields":{
          "name":"Can delete social application token",
          "content_type":16,
          "codename":"delete_socialtoken"
       }
    },
    {
       "model":"auth.permission",
       "pk":64,
       "fields":{
          "name":"Can view social application token",
          "content_type":16,
          "codename":"view_socialtoken"
       }
    },
    {
       "model":"auth.permission",
       "pk":65,
       "fields":{
          "name":"Can add user profile",
          "content_type":17,
          "codename":"add_userprofile"
       }
    },
    {
       "model":"auth.permission",
       "pk":66,
       "fields":{
          "name":"Can change user profile",
          "content_type":17,
          "codename":"change_userprofile"
       }
    },
    {
       "model":"auth.permission",
       "pk":67,
       "fields":{
          "name":"Can delete user profile",
          "content_type":17,
          "codename":"delete_userprofile"
       }
    },
    {
       "model":"auth.permission",
       "pk":68,
       "fields":{
          "name":"Can view user profile",
          "content_type":17,
          "codename":"view_userprofile"
       }
    },
    {
       "model":"auth.permission",
       "pk":69,
       "fields":{
          "name":"Can add tag",
          "content_type":18,
          "codename":"add_tag"
       }
    },
    {
       "model":"auth.permission",
       "pk":70,
       "fields":{
          "name":"Can change tag",
          "content_type":18,
          "codename":"change_tag"
       }
    },
    {
       "model":"auth.permission",
       "pk":71,
       "fields":{
          "name":"Can delete tag",
          "content_type":18,
          "codename":"delete_tag"
       }
    },
    {
       "model":"auth.permission",
       "pk":72,
       "fields":{
          "name":"Can view tag",
          "content_type":18,
          "codename":"view_tag"
       }
    },
    {
       "model":"auth.permission",
       "pk":73,
       "fields":{
          "name":"Can add tagged item",
          "content_type":19,
          "codename":"add_taggeditem"
       }
    },
    {
       "model":"auth.permission",
       "pk":74,
       "fields":{
          "name":"Can change tagged item",
          "content_type":19,
          "codename":"change_taggeditem"
       }
    },
    {
       "model":"auth.permission",
       "pk":75,
       "fields":{
          "name":"Can delete tagged item",
          "content_type":19,
          "codename":"delete_taggeditem"
       }
    },
    {
       "model":"auth.permission",
       "pk":76,
       "fields":{
          "name":"Can view tagged item",
          "content_type":19,
          "codename":"view_taggeditem"
       }
    },
    {
       "model":"auth.user",
       "pk":1,
       "fields":{
          "password":"pbkdf2_sha256$600000$IeKAMBJAUWdm4l1aTAWUNL$CUxkUq5fllbKUIECM+lWjG6GTdDYchpLX4zET6P27P4=",
          "last_login":"2023-11-28T12:13:31.142Z",
          "is_superuser":true,
          "username":"admin",
          "first_name":"",
          "last_name":"",
          "email":"admin@gmail.com",
          "is_staff":true,
          "is_active":true,
          "date_joined":"2023-10-23T15:06:25.171Z",
          "groups":[
             
          ],
          "user_permissions":[
             
          ]
       }
    },
    {
       "model":"auth.user",
       "pk":2,
       "fields":{
          "password":"pbkdf2_sha256$600000$1ZBLGCtCTCy93dC5UkCDv5$z8ivolpG3VezbOnPC1HqSgbHYB4hE99uiVpCuTdjI44=",
          "last_login":"2023-11-27T13:59:55.386Z",
          "is_superuser":false,
          "username":"Anna",
          "first_name":"",
          "last_name":"",
          "email":"",
          "is_staff":false,
          "is_active":true,
          "date_joined":"2023-10-26T14:58:55.613Z",
          "groups":[
             
          ],
          "user_permissions":[
             
          ]
       }
    },
    {
       "model":"auth.user",
       "pk":3,
       "fields":{
          "password":"pbkdf2_sha256$260000$d5nUEGC2cVLriaUYSvSVps$n0TaSV5JJ/ECpOdOic9l22F7aLRtJ5Xe0WQtIoU/UaM=",
          "last_login":"2023-10-30T15:55:33.402Z",
          "is_superuser":false,
          "username":"TestUser123",
          "first_name":"",
          "last_name":"",
          "email":"",
          "is_staff":false,
          "is_active":true,
          "date_joined":"2023-10-30T15:55:33.183Z",
          "groups":[
             
          ],
          "user_permissions":[
             
          ]
       }
    },
    {
       "model":"auth.user",
       "pk":4,
       "fields":{
          "password":"pbkdf2_sha256$600000$wBdQ70Hdgq3IHavr6i5tan$nppFbSKaZrrjvHTg8l7iBSh8yMNR6lKSjkz++MNi+/s=",
          "last_login":"2023-11-27T13:51:12.556Z",
          "is_superuser":false,
          "username":"lola",
          "first_name":"",
          "last_name":"",
          "email":"",
          "is_staff":false,
          "is_active":true,
          "date_joined":"2023-10-30T19:50:39.805Z",
          "groups":[
             
          ],
          "user_permissions":[
             
          ]
       }
    },
    {
       "model":"auth.user",
       "pk":5,
       "fields":{
          "password":"pbkdf2_sha256$260000$MaACMjlnB13hn53lS26lwg$T5yxw5/vdAXWlv5w9PTuodwXuzqmAm5UKO+JAQTD2pA=",
          "last_login":null,
          "is_superuser":false,
          "username":"Yash",
          "first_name":"",
          "last_name":"",
          "email":"",
          "is_staff":false,
          "is_active":true,
          "date_joined":"2023-11-13T09:43:59Z",
          "groups":[
             
          ],
          "user_permissions":[
             
          ]
       }
    },
    {
       "model":"auth.user",
       "pk":6,
       "fields":{
          "password":"pbkdf2_sha256$600000$efEd2J4ML3DLJcYdRbxmJF$GxLxxN80E6S99wUrhDcEHNpZxFGZZuB9nr0SG6jolLQ=",
          "last_login":"2023-11-17T18:41:41.200Z",
          "is_superuser":false,
          "username":"Patty",
          "first_name":"",
          "last_name":"",
          "email":"paty.hoge98@gmail.com",
          "is_staff":false,
          "is_active":true,
          "date_joined":"2023-11-17T18:41:40.835Z",
          "groups":[
             
          ],
          "user_permissions":[
             
          ]
       }
    },
    {
       "model":"auth.user",
       "pk":7,
       "fields":{
          "password":"pbkdf2_sha256$600000$SA8NMXcBIhhlGNQJMOILS9$gKjM4NpuxDICluatPB46jZKF8rRYUwVAT0MNk4X4Tv4=",
          "last_login":"2023-11-17T19:38:56.786Z",
          "is_superuser":false,
          "username":"cip",
          "first_name":"",
          "last_name":"",
          "email":"",
          "is_staff":false,
          "is_active":true,
          "date_joined":"2023-11-17T19:38:56.472Z",
          "groups":[
             
          ],
          "user_permissions":[
             
          ]
       }
    },
    {
       "model":"auth.user",
       "pk":8,
       "fields":{
          "password":"pbkdf2_sha256$600000$Pzmyw4JADZX816ITxCaKTy$4X6sTda9sdCQxov4vft0EXnUo7netGahPcS8mfcaxkw=",
          "last_login":null,
          "is_superuser":false,
          "username":"Sofia",
          "first_name":"",
          "last_name":"",
          "email":"",
          "is_staff":false,
          "is_active":true,
          "date_joined":"2023-11-20T08:27:47.742Z",
          "groups":[
             
          ],
          "user_permissions":[
             
          ]
       }
    },
    {
       "model":"auth.user",
       "pk":9,
       "fields":{
          "password":"pbkdf2_sha256$600000$TR7EMWHPsPtjskVSmkaoRB$F3/wVwTe58wrVgnkiesE6JJgygAZpefTLWIgBKk9Dss=",
          "last_login":"2023-11-20T08:35:02.023Z",
          "is_superuser":false,
          "username":"Tania",
          "first_name":"",
          "last_name":"",
          "email":"",
          "is_staff":false,
          "is_active":true,
          "date_joined":"2023-11-20T08:35:01.634Z",
          "groups":[
             
          ],
          "user_permissions":[
             
          ]
       }
    },
    {
       "model":"auth.user",
       "pk":10,
       "fields":{
          "password":"pbkdf2_sha256$600000$wc6hEywi4mJWH11rsRGJn8$itrDMIz8TdQIRIVrYXCRGG+y7tx2azMT4iecGrVDhxc=",
          "last_login":"2023-11-20T12:10:22.323Z",
          "is_superuser":false,
          "username":"John",
          "first_name":"",
          "last_name":"",
          "email":"",
          "is_staff":false,
          "is_active":true,
          "date_joined":"2023-11-20T08:36:08.265Z",
          "groups":[
             
          ],
          "user_permissions":[
             
          ]
       }
    },
    {
       "model":"contenttypes.contenttype",
       "pk":1,
       "fields":{
          "app_label":"admin",
          "model":"logentry"
       }
    },
    {
       "model":"contenttypes.contenttype",
       "pk":2,
       "fields":{
          "app_label":"auth",
          "model":"permission"
       }
    },
    {
       "model":"contenttypes.contenttype",
       "pk":3,
       "fields":{
          "app_label":"auth",
          "model":"group"
       }
    },
    {
       "model":"contenttypes.contenttype",
       "pk":4,
       "fields":{
          "app_label":"auth",
          "model":"user"
       }
    },
    {
       "model":"contenttypes.contenttype",
       "pk":5,
       "fields":{
          "app_label":"contenttypes",
          "model":"contenttype"
       }
    },
    {
       "model":"contenttypes.contenttype",
       "pk":6,
       "fields":{
          "app_label":"sessions",
          "model":"session"
       }
    },
    {
       "model":"contenttypes.contenttype",
       "pk":7,
       "fields":{
          "app_label":"blog",
          "model":"category"
       }
    },
    {
       "model":"contenttypes.contenttype",
       "pk":8,
       "fields":{
          "app_label":"blog",
          "model":"post"
       }
    },
    {
       "model":"contenttypes.contenttype",
       "pk":9,
       "fields":{
          "app_label":"blog",
          "model":"comment"
       }
    },
    {
       "model":"contenttypes.contenttype",
       "pk":10,
       "fields":{
          "app_label":"django_summernote",
          "model":"attachment"
       }
    },
    {
       "model":"contenttypes.contenttype",
       "pk":11,
       "fields":{
          "app_label":"sites",
          "model":"site"
       }
    },
    {
       "model":"contenttypes.contenttype",
       "pk":12,
       "fields":{
          "app_label":"account",
          "model":"emailaddress"
       }
    },
    {
       "model":"contenttypes.contenttype",
       "pk":13,
       "fields":{
          "app_label":"account",
          "model":"emailconfirmation"
       }
    },
    {
       "model":"contenttypes.contenttype",
       "pk":14,
       "fields":{
          "app_label":"socialaccount",
          "model":"socialaccount"
       }
    },
    {
       "model":"contenttypes.contenttype",
       "pk":15,
       "fields":{
          "app_label":"socialaccount",
          "model":"socialapp"
       }
    },
    {
       "model":"contenttypes.contenttype",
       "pk":16,
       "fields":{
          "app_label":"socialaccount",
          "model":"socialtoken"
       }
    },
    {
       "model":"contenttypes.contenttype",
       "pk":17,
       "fields":{
          "app_label":"members",
          "model":"userprofile"
       }
    },
    {
       "model":"contenttypes.contenttype",
       "pk":18,
       "fields":{
          "app_label":"taggit",
          "model":"tag"
       }
    },
    {
       "model":"contenttypes.contenttype",
       "pk":19,
       "fields":{
          "app_label":"taggit",
          "model":"taggeditem"
       }
    },
    {
       "model":"sessions.session",
       "pk":"4kzcify6y8ne4u0x8h5k0x1131s5795b",
       "fields":{
          "session_data":".eJxVjktOAzEQRO_idWT5b3qW7HMGq93uMAZkR2OPFIS4OxOUBdnWq3qqb5Fwn2vaB2-pFrEILU7_s4z0we0Oyju2ty6pt7nVLO8V-aBDnnvhz9dH90mw4liPtXGF3EXhRaOy1kOGCC5kRsPgvfFk2DqC8JKV1wZZofPRgnKUIbOhQ4pEfW_zz81tVsLJJeEUiw4AAbSNTuroIPpwXBg8Ru0t8e1aty-xqJ9fBv1NGw:1r1jN0:iDLhvimF2HaupS0N6NUa7_YP9Zt_31RIHZHH4F-8drI",
          "expire_date":"2023-11-25T08:29:34.176Z"
       }
    },
    {
       "model":"sessions.session",
       "pk":"59epxxxjju6qo2ixmtdfrkjj765plv6z",
       "fields":{
          "session_data":".eJxVjssOwiAURP-FtSFAewt06d5vIJdHLWrAFJpojP9uMV3ocmZOTuZFDK51NmsJi4mejISTw29n0V1DaoO_YDpn6nKqS7S0IXRfCz1lH27Hnf0TzFjmpmWorVUATgPrcOqtmjrGpdeMCw2h41oMCKoDb6UdtHRbggEbvRWwSdG5vKb6dYdUo8MavMFKRi4ZU1wNQlJgQvdqe1BCKTEnEx73uDzJyN4feZ5MIw:1r6ScV:CzAa4EzvsZwVsynI_7vBGY5Tss2rh0h2OCeHwcJxPmo",
          "expire_date":"2023-12-08T09:37:07.505Z"
       }
    },
    {
       "model":"sessions.session",
       "pk":"j9uecmypiaa2jgx6c5cpkza6r3zpaidk",
       "fields":{
          "session_data":".eJxVjssOwiAURP-FtSFQekvp0r3fQC6PWtSAKTTRGP9dMF3ocmZOTuZFNG5l0Vv2qw6OTISTw29n0F59bIO7YDwnalMsazC0IXRfMz0l52_Hnf0TLJiXpmWojBkBrAImcO7NOAvGpVOMdwq84KobEEYBzkgzKGlrggEbXQuoUrQ2bbF83T6WYLF4p7GQiUvGetVzyakQTHIB9UL2OYcUtX_cw_okE3t_AMDUTEc:1r56DL:JuObN07ui_-cnQkequ_Wcm3A81VCRe_v8zsvNj6rZvw",
          "expire_date":"2023-12-04T15:29:31.333Z"
       }
    },
    {
       "model":"sessions.session",
       "pk":"v6k32vo9wjx4fs8of3w58llvlus995ic",
       "fields":{
          "session_data":"e30:1r7wy3:Q8--3qgz8J_A5HsMczbnEdrnuJRedIiw3RWR32KDxlk",
          "expire_date":"2023-12-12T12:13:31.081Z"
       }
    },
    {
       "model":"sessions.session",
       "pk":"wl6crig611ghno9zjnfcb6la7r41a23e",
       "fields":{
          "session_data":".eJxVjsFOBCEQRP-FsyHQwMz0HL37DaRpeh3UgBmYRLPZf3fW7EGv9ape6qoiHWOLR5c9lqxWZdXT3ywRv0u9g_xG9bVpbnXsJel7RT9o1y8ty8fzo_tPsFHfzjX4zP5i6GLJOBcw4Yx-SkIgGAIEBnGecVqSCRZIDPkwOzSeEyYBPqXE3I46ft1SR2EakiMNtdoJEZewLKC9AzvD-aBL76XVKF-fZf9Wq7n9AL0YTOE:1r2xz8:fb_0MbssUJjf7KJkFI0uxeqsB5v8VijMYPpRapkcvvs",
          "expire_date":"2023-11-28T18:18:02.434Z"
       }
    },
    {
       "model":"sessions.session",
       "pk":"xh4ed8685jllv4ibd8qzb4vo793bd6dn",
       "fields":{
          "session_data":".eJxVjssOwiAURP-FtSE8ekvp0r3fQC6PWtSAKTTRGP9darrQ5cycnMyLGFzrbNYSFhM9GQknh9_OoruGtA3-gumcqcupLtHSDaH7Wugp-3A77uyfYMYyb1qG2toBwGlgEqfODpNkXHnNuNAQJNeiRxgkeKtsr5VrCXrc6FZAk6JzeU316w6pRoc1eIOVjFwxznjPmaQSOiFAtwsllBJzMuFxj8uTjOz9Ab_ATEE:1r7Hzb:ny9FLRSDi0cA0Azr3iTqh6mvY66F1R4yXgiIZ623eVE",
          "expire_date":"2023-12-10T16:28:23.355Z"
       }
    },
    {
       "model":"sites.site",
       "pk":1,
       "fields":{
          "domain":"example.com",
          "name":"example.com"
       }
    },
    {
       "model":"account.emailaddress",
       "pk":1,
       "fields":{
          "user":6,
          "email":"paty.hoge98@gmail.com",
          "verified":false,
          "primary":true
       }
    },
    {
       "model":"django_summernote.attachment",
       "pk":1,
       "fields":{
          "name":"front-view-tasty-sandwiches-with-olive-ham-tomatoes-inside-plate-along-with-french-fries-oil-tomatoes-wood_140725-20934.jpg",
          "file":"media/django-summernote/2023-10-26/2277f663-3e6c-402e-a0ab-bbd3c92d3bf1_tzdee5",
          "uploaded":"2023-10-26T06:21:34.197Z"
       }
    },
    {
       "model":"django_summernote.attachment",
       "pk":2,
       "fields":{
          "name":"tropeiro-beans-typical-brazilian-food_434193-4335.avif",
          "file":"media/django-summernote/2023-10-26/0283d881-29ca-4a6a-99fd-754b2aed06f8_v9p1ft",
          "uploaded":"2023-10-26T06:25:46.403Z"
       }
    },
    {
       "model":"django_summernote.attachment",
       "pk":3,
       "fields":{
          "name":"zeri-traditional-pilaf-with-meat-chestnuts_140725-10083.jpg",
          "file":"media/django-summernote/2023-10-26/9464df7b-01bd-448b-a678-7529654fb06d_vrathb",
          "uploaded":"2023-10-26T06:27:19.281Z"
       }
    },
    {
       "model":"taggit.tag",
       "pk":1,
       "fields":{
          "name":"pasta",
          "slug":"pasta"
       }
    },
    {
       "model":"taggit.tag",
       "pk":2,
       "fields":{
          "name":"red sauce",
          "slug":"red-sauce"
       }
    },
    {
       "model":"taggit.tag",
       "pk":3,
       "fields":{
          "name":"schrimp",
          "slug":"schrimp"
       }
    },
    {
       "model":"taggit.tag",
       "pk":4,
       "fields":{
          "name":"garlic",
          "slug":"garlic"
       }
    },
    {
       "model":"taggit.tag",
       "pk":5,
       "fields":{
          "name":"salmon",
          "slug":"salmon"
       }
    },
    {
       "model":"taggit.tag",
       "pk":6,
       "fields":{
          "name":"ramen",
          "slug":"ramen"
       }
    },
    {
       "model":"taggit.tag",
       "pk":7,
       "fields":{
          "name":"quickmeal",
          "slug":"quickmeal"
       }
    },
    {
       "model":"taggit.tag",
       "pk":8,
       "fields":{
          "name":"chicken",
          "slug":"chicken"
       }
    },
    {
       "model":"taggit.tag",
       "pk":9,
       "fields":{
          "name":"redpepper",
          "slug":"redpepper"
       }
    },
    {
       "model":"taggit.tag",
       "pk":10,
       "fields":{
          "name":"quickmeals",
          "slug":"quickmeals"
       }
    },
    {
       "model":"taggit.tag",
       "pk":11,
       "fields":{
          "name":"tacos",
          "slug":"tacos"
       }
    },
    {
       "model":"taggit.tag",
       "pk":12,
       "fields":{
          "name":"[]",
          "slug":""
       }
    },
    {
       "model":"taggit.tag",
       "pk":13,
       "fields":{
          "name":"[<Tag:",
          "slug":"tag"
       }
    },
    {
       "model":"taggit.tag",
       "pk":15,
       "fields":{
          "name":"[]>]",
          "slug":"_1"
       }
    },
    {
       "model":"taggit.tag",
       "pk":17,
       "fields":{
          "name":"<Tag: []>]>]",
          "slug":"tag_1"
       }
    },
    {
       "model":"taggit.tag",
       "pk":18,
       "fields":{
          "name":"[<Tag: [<Tag:>",
          "slug":"tag-tag"
       }
    },
    {
       "model":"taggit.tag",
       "pk":19,
       "fields":{
          "name":"<Tag: [<Tag: [<Tag:>>]",
          "slug":"tag-tag-tag"
       }
    },
    {
       "model":"taggit.tag",
       "pk":21,
       "fields":{
          "name":"[<Tag: <Tag: []>]>]>",
          "slug":"tag-tag_1"
       }
    },
    {
       "model":"taggit.tag",
       "pk":23,
       "fields":{
          "name":"<Tag: [<Tag: <Tag: []>]>]>>]",
          "slug":"tag-tag-tag_1"
       }
    },
    {
       "model":"taggit.tag",
       "pk":24,
       "fields":{
          "name":"[<Tag: <Tag: [<Tag: [<Tag:>>]>",
          "slug":"tag-tag-tag-tag"
       }
    },
    {
       "model":"taggit.tag",
       "pk":26,
       "fields":{
          "name":"[<Tag: <Tag: [<Tag: <Tag: []>]>]>>]>",
          "slug":"tag-tag-tag-tag_1"
       }
    },
    {
       "model":"taggit.tag",
       "pk":27,
       "fields":{
          "name":"<Tag: [<Tag: <Tag: [<Tag: [<Tag:>>]>>]",
          "slug":"tag-tag-tag-tag-tag"
       }
    },
    {
       "model":"taggit.tag",
       "pk":28,
       "fields":{
          "name":"test",
          "slug":"test"
       }
    },
    {
       "model":"taggit.tag",
       "pk":30,
       "fields":{
          "name":"test>]",
          "slug":"test_1"
       }
    },
    {
       "model":"taggit.tag",
       "pk":31,
       "fields":{
          "name":"<Tag: test>]>]",
          "slug":"tag-test"
       }
    },
    {
       "model":"taggit.tag",
       "pk":32,
       "fields":{
          "name":"<Tag: <Tag: test>]>]>]",
          "slug":"tag-tag-test"
       }
    },
    {
       "model":"taggit.tag",
       "pk":34,
       "fields":{
          "name":"[<Tag: [<Tag: [<Tag:>>",
          "slug":"tag-tag-tag_2"
       }
    },
    {
       "model":"taggit.tag",
       "pk":35,
       "fields":{
          "name":"[<Tag: pasta>",
          "slug":"tag-pasta"
       }
    },
    {
       "model":"taggit.tag",
       "pk":36,
       "fields":{
          "name":"<Tag: red sauce>]",
          "slug":"tag-red-sauce"
       }
    },
    {
       "model":"taggit.tag",
       "pk":37,
       "fields":{
          "name":"<Tag: salmon>]",
          "slug":"tag-salmon"
       }
    },
    {
       "model":"taggit.tag",
       "pk":38,
       "fields":{
          "name":"[<Tag: garlic>",
          "slug":"tag-garlic"
       }
    },
    {
       "model":"taggit.tag",
       "pk":39,
       "fields":{
          "name":"<Tag: schrimp>]",
          "slug":"tag-schrimp"
       }
    },
    {
       "model":"taggit.tag",
       "pk":41,
       "fields":{
          "name":"<Tag: [<Tag: [<Tag: [<Tag:>>>]",
          "slug":"tag-tag-tag-tag_2"
       }
    },
    {
       "model":"taggit.tag",
       "pk":42,
       "fields":{
          "name":"[<Tag: <Tag: <Tag: test>]>]>]>",
          "slug":"tag-tag-tag-test"
       }
    },
    {
       "model":"taggit.tag",
       "pk":44,
       "fields":{
          "name":"[<Tag: <Tag: [<Tag: [<Tag: [<Tag:>>>]>",
          "slug":"tag-tag-tag-tag-tag_1"
       }
    },
    {
       "model":"taggit.tag",
       "pk":45,
       "fields":{
          "name":"<Tag: [<Tag: <Tag: <Tag: test>]>]>]>>]",
          "slug":"tag-tag-tag-tag-test"
       }
    },
    {
       "model":"taggit.tag",
       "pk":46,
       "fields":{
          "name":"<Tag: <Tag: [<Tag: <Tag: <Tag: test>]>]>]>>]>]",
          "slug":"tag-tag-tag-tag-tag-test"
       }
    },
    {
       "model":"taggit.tag",
       "pk":47,
       "fields":{
          "name":"[<Tag: [<Tag: <Tag: [<Tag: [<Tag: [<Tag:>>>]>>",
          "slug":"tag-tag-tag-tag-tag-tag"
       }
    },
    {
       "model":"taggit.tag",
       "pk":48,
       "fields":{
          "name":"<Tag: [<Tag: [<Tag: <Tag: [<Tag: [<Tag: [<Tag:>>>]>>>]",
          "slug":"tag-tag-tag-tag-tag-tag-tag"
       }
    },
    {
       "model":"taggit.tag",
       "pk":49,
       "fields":{
          "name":"[<Tag: <Tag: <Tag: [<Tag: <Tag: <Tag: test>]>]>]>>]>]>",
          "slug":"tag-tag-tag-tag-tag-tag-test"
       }
    },
    {
       "model":"taggit.tag",
       "pk":50,
       "fields":{
          "name":"<Tag: [<Tag: <Tag: <Tag: [<Tag: <Tag: <Tag: test>]>]>]>>]>]>>]",
          "slug":"tag-tag-tag-tag-tag-tag-tag-test"
       }
    },
    {
       "model":"taggit.tag",
       "pk":51,
       "fields":{
          "name":"[<Tag: <Tag: [<Tag: [<Tag: <Tag: [<Tag: [<Tag: [<Tag:>>>]>>>]>",
          "slug":"tag-tag-tag-tag-tag-tag-tag-tag"
       }
    },
    {
       "model":"taggit.tag",
       "pk":52,
       "fields":{
          "name":"[<Tag: <Tag: [<Tag: <Tag: <Tag: [<Tag: <Tag: <Tag: test>]>]>]>>]>]>>]>",
          "slug":"tag-tag-tag-tag-tag-tag-tag-tag-test"
       }
    },
    {
       "model":"taggit.tag",
       "pk":53,
       "fields":{
          "name":"<Tag: [<Tag: <Tag: [<Tag: [<Tag: <Tag: [<Tag: [<Tag: [<Tag:>>>]>>>]>>]",
          "slug":"tag-tag-tag-tag-tag-tag-tag-tag-tag"
       }
    },
    {
       "model":"taggit.tag",
       "pk":54,
       "fields":{
          "name":"[<Tag: [<Tag: <Tag: [<Tag: <Tag: <Tag: [<Tag: <Tag: <Tag: test>]>]>]>>]>]>>]>>",
          "slug":"tag-tag-tag-tag-tag-tag-tag-tag-tag-test"
       }
    },
    {
       "model":"taggit.tag",
       "pk":55,
       "fields":{
          "name":"<Tag: <Tag: [<Tag: <Tag: [<Tag: [<Tag: <Tag: [<Tag: [<Tag: [<Tag:>>>]>>>]>>]>]",
          "slug":"tag-tag-tag-tag-tag-tag-tag-tag-tag-tag"
       }
    },
    {
       "model":"taggit.tag",
       "pk":56,
       "fields":{
          "name":"[<Tag: [<Tag: [<Tag: <Tag: [<Tag: <Tag: <Tag: [<Tag: <Tag: <Tag: test>]>]>]>>]>]>>]>>>",
          "slug":"tag-tag-tag-tag-tag-tag-tag-tag-tag-tag-test"
       }
    },
    {
       "model":"taggit.tag",
       "pk":57,
       "fields":{
          "name":"<Tag: <Tag: <Tag: [<Tag: <Tag: [<Tag: [<Tag: <Tag: [<Tag: [<Tag: [<Tag:>>>]>>>]>>]>]>]",
          "slug":"tag-tag-tag-tag-tag-tag-tag-tag-tag-tag-tag"
       }
    },
    {
       "model":"taggit.tag",
       "pk":58,
       "fields":{
          "name":"[<Tag: [<Tag: [<Tag: [<Tag: <Tag: [<Tag: <Tag: <Tag: [<Tag: <Tag: <Tag: test>]>]>]>>]>]>>]>>>>",
          "slug":"tag-tag-tag-tag-tag-tag-tag-tag-tag-tag-tag-test"
       }
    },
    {
       "model":"taggit.tag",
       "pk":59,
       "fields":{
          "name":"<Tag: <Tag: <Tag: <Tag: [<Tag: <Tag: [<Tag: [<Tag: <Tag: [<Tag: [<Tag: [<Tag:>>>]>>>]>>]>]>]>]",
          "slug":"tag-tag-tag-tag-tag-tag-tag-tag-tag-tag-tag-tag"
       }
    },
    {
       "model":"taggit.tag",
       "pk":60,
       "fields":{
          "name":"try",
          "slug":"try"
       }
    },
    {
       "model":"taggit.tag",
       "pk":61,
       "fields":{
          "name":"eggs",
          "slug":"eggs"
       }
    },
    {
       "model":"taggit.tag",
       "pk":62,
       "fields":{
          "name":"pork",
          "slug":"pork"
       }
    },
    {
       "model":"taggit.taggeditem",
       "pk":3,
       "fields":{
          "tag":1,
          "content_type":8,
          "object_id":59
       }
    },
    {
       "model":"taggit.taggeditem",
       "pk":4,
       "fields":{
          "tag":3,
          "content_type":8,
          "object_id":59
       }
    },
    {
       "model":"taggit.taggeditem",
       "pk":5,
       "fields":{
          "tag":4,
          "content_type":8,
          "object_id":62
       }
    },
    {
       "model":"taggit.taggeditem",
       "pk":6,
       "fields":{
          "tag":5,
          "content_type":8,
          "object_id":62
       }
    },
    {
       "model":"taggit.taggeditem",
       "pk":7,
       "fields":{
          "tag":6,
          "content_type":8,
          "object_id":63
       }
    },
    {
       "model":"taggit.taggeditem",
       "pk":8,
       "fields":{
          "tag":7,
          "content_type":8,
          "object_id":63
       }
    },
    {
       "model":"taggit.taggeditem",
       "pk":9,
       "fields":{
          "tag":8,
          "content_type":8,
          "object_id":60
       }
    },
    {
       "model":"taggit.taggeditem",
       "pk":10,
       "fields":{
          "tag":9,
          "content_type":8,
          "object_id":60
       }
    },
    {
       "model":"taggit.taggeditem",
       "pk":11,
       "fields":{
          "tag":3,
          "content_type":8,
          "object_id":66
       }
    },
    {
       "model":"taggit.taggeditem",
       "pk":12,
       "fields":{
          "tag":10,
          "content_type":8,
          "object_id":66
       }
    },
    {
       "model":"taggit.taggeditem",
       "pk":13,
       "fields":{
          "tag":11,
          "content_type":8,
          "object_id":66
       }
    },
    {
       "model":"taggit.taggeditem",
       "pk":150,
       "fields":{
          "tag":3,
          "content_type":8,
          "object_id":101
       }
    },
    {
       "model":"taggit.taggeditem",
       "pk":151,
       "fields":{
          "tag":10,
          "content_type":8,
          "object_id":101
       }
    },
    {
       "model":"taggit.taggeditem",
       "pk":152,
       "fields":{
          "tag":11,
          "content_type":8,
          "object_id":101
       }
    },
    {
       "model":"taggit.taggeditem",
       "pk":168,
       "fields":{
          "tag":61,
          "content_type":8,
          "object_id":110
       }
    },
    {
       "model":"taggit.taggeditem",
       "pk":169,
       "fields":{
          "tag":62,
          "content_type":8,
          "object_id":110
       }
    },
    {
       "model":"taggit.taggeditem",
       "pk":170,
       "fields":{
          "tag":6,
          "content_type":8,
          "object_id":110
       }
    },
    {
       "model":"taggit.taggeditem",
       "pk":172,
       "fields":{
          "tag":28,
          "content_type":8,
          "object_id":112
       }
    },
    {
       "model":"taggit.taggeditem",
       "pk":173,
       "fields":{
          "tag":28,
          "content_type":8,
          "object_id":113
       }
    },
    {
       "model":"taggit.taggeditem",
       "pk":174,
       "fields":{
          "tag":28,
          "content_type":8,
          "object_id":57
       }
    },
    {
       "model":"taggit.taggeditem",
       "pk":175,
       "fields":{
          "tag":28,
          "content_type":8,
          "object_id":114
       }
    }
 ]